<metadata xml:lang="en"><Esri><CreaDate>20210201</CreaDate><CreaTime>20351000</CreaTime><ArcGISFormat>1.0</ArcGISFormat><SyncOnce>FALSE</SyncOnce><DataProperties><lineage><Process ToolSource="c:\program files\arcgis\pro\Resources\ArcToolbox\toolboxes\Data Management Tools.tbx\CreateFeatureclass" Date="20210201" Time="203510">CreateFeatureclass "I:\nixon\AEE\Maps\Rubavu Line\Rubavu Line.gdb" AnglePointsSymbion_XYTableToPoint Point 'Angle Points-Symbion.csv' No Yes "PROJCS['NIX',GEOGCS['GCS_WGS_1984',DATUM['D_WGS_1984',SPHEROID['WGS_1984',6378137.0,298.257223563]],PRIMEM['Greenwich',0.0],UNIT['Degree',0.0174532925199433]],PROJECTION['Transverse_Mercator'],PARAMETER['False_Easting',500000.0],PARAMETER['False_Northing',5000000.0],PARAMETER['Central_Meridian',30.0],PARAMETER['Scale_Factor',0.9999],PARAMETER['Latitude_Of_Origin',0.0],UNIT['Meter',1.0]],VERTCS['WGS_1984',DATUM['D_WGS_1984',SPHEROID['WGS_1984',6378137.0,298.257223563]],PARAMETER['Vertical_Shift',0.0],PARAMETER['Direction',1.0],UNIT['Meter',1.0]];-5122600 -5001100 450310428.589905;-100000 10000;-100000 10000;0.001;0.001;0.001;IsHighPrecision" # 0 0 0 #</Process><Process ToolSource="c:\program files\arcgis\pro\Resources\ArcToolbox\toolboxes\Data Management Tools.tbx\XYTableToPoint" Date="20210201" Time="203512">XYTableToPoint "Angle Points-Symbion.csv" "I:\nixon\AEE\Maps\Rubavu Line\Rubavu Line.gdb\AnglePointsSymbion_XYTableToPoint" Field1 Field2 Field3 "PROJCS['NIX',GEOGCS['GCS_WGS_1984',DATUM['D_WGS_1984',SPHEROID['WGS_1984',6378137.0,298.257223563]],PRIMEM['Greenwich',0.0],UNIT['Degree',0.0174532925199433]],PROJECTION['Transverse_Mercator'],PARAMETER['False_Easting',500000.0],PARAMETER['False_Northing',5000000.0],PARAMETER['Central_Meridian',30.0],PARAMETER['Scale_Factor',0.9999],PARAMETER['Latitude_Of_Origin',0.0],UNIT['Meter',1.0]],VERTCS['WGS_1984',DATUM['D_WGS_1984',SPHEROID['WGS_1984',6378137.0,298.257223563]],PARAMETER['Vertical_Shift',0.0],PARAMETER['Direction',1.0],UNIT['Meter',1.0]];-5122600 -5001100 450310428.589905;-100000 10000;-100000 10000;0.001;0.001;0.001;IsHighPrecision"</Process><Process ToolSource="c:\program files\arcgis\pro\Resources\ArcToolbox\Toolboxes\Data Management Tools.tbx\UpdateSchema" Date="20210201" Time="223229">UpdateSchema "CIMDATA=&lt;CIMStandardDataConnection xsi:type='typens:CIMStandardDataConnection' xmlns:xsi='http://www.w3.org/2001/XMLSchema-instance' xmlns:xs='http://www.w3.org/2001/XMLSchema' xmlns:typens='http://www.esri.com/schemas/ArcGIS/2.7.0'&gt;&lt;WorkspaceConnectionString&gt;DATABASE=I:\nixon\AEE\Maps\Rubavu Line\Rubavu Line.gdb&lt;/WorkspaceConnectionString&gt;&lt;WorkspaceFactory&gt;FileGDB&lt;/WorkspaceFactory&gt;&lt;Dataset&gt;AnglePointsSymbion_XYTableToPoint&lt;/Dataset&gt;&lt;DatasetType&gt;esriDTFeatureClass&lt;/DatasetType&gt;&lt;/CIMStandardDataConnection&gt;" &lt;operationSequence&gt;&lt;workflow&gt;&lt;AlterField&gt;&lt;field_name&gt;Field1&lt;/field_name&gt;&lt;new_field_name&gt;x&lt;/new_field_name&gt;&lt;field_is_nullable&gt;True&lt;/field_is_nullable&gt;&lt;clear_field_alias&gt;False&lt;/clear_field_alias&gt;&lt;/AlterField&gt;&lt;/workflow&gt;&lt;workflow&gt;&lt;AlterField&gt;&lt;field_name&gt;Field2&lt;/field_name&gt;&lt;new_field_name&gt;y&lt;/new_field_name&gt;&lt;field_is_nullable&gt;True&lt;/field_is_nullable&gt;&lt;clear_field_alias&gt;False&lt;/clear_field_alias&gt;&lt;/AlterField&gt;&lt;/workflow&gt;&lt;workflow&gt;&lt;AlterField&gt;&lt;field_name&gt;Field3&lt;/field_name&gt;&lt;new_field_name&gt;z&lt;/new_field_name&gt;&lt;field_is_nullable&gt;True&lt;/field_is_nullable&gt;&lt;clear_field_alias&gt;False&lt;/clear_field_alias&gt;&lt;/AlterField&gt;&lt;/workflow&gt;&lt;workflow&gt;&lt;AlterField&gt;&lt;field_name&gt;Field4&lt;/field_name&gt;&lt;new_field_name&gt;AP&lt;/new_field_name&gt;&lt;field_type&gt;TEXT&lt;/field_type&gt;&lt;field_is_nullable&gt;True&lt;/field_is_nullable&gt;&lt;clear_field_alias&gt;False&lt;/clear_field_alias&gt;&lt;/AlterField&gt;&lt;/workflow&gt;&lt;/operationSequence&gt;</Process><Process ToolSource="c:\program files\arcgis\pro\Resources\ArcToolbox\toolboxes\Data Management Tools.tbx\CopyFeatures" Date="20210205" Time="072955">CopyFeatures RubavuLine\AnglePointsSymbion "I:\nixon\AEE\AEE Symbion Project - Rubavu\Data\Symbion Lineroute Data\Shapefiles\AnglePointsSymbion.shp" # # # #</Process></lineage><itemProps><itemName Sync="TRUE">AnglePointsSymbion</itemName><imsContentType Sync="TRUE">002</imsContentType><itemSize Sync="TRUE">0.000</itemSize><itemLocation><linkage Sync="TRUE">file://\\WINDOWS-5MUG70O\I$\nixon\AEE\AEE Symbion Project - Rubavu\Data\Symbion Lineroute Data\Shapefiles\AnglePointsSymbion.shp</linkage><protocol Sync="TRUE">Local Area Network</protocol></itemLocation></itemProps><coordRef><type Sync="TRUE">Geographic</type><geogcsn Sync="TRUE">GCS_WGS_1984</geogcsn><csUnits Sync="TRUE">Angular Unit: Degree (0.017453)</csUnits><peXml Sync="TRUE">&lt;GeographicCoordinateSystem xsi:type='typens:GeographicCoordinateSystem' xmlns:xsi='http://www.w3.org/2001/XMLSchema-instance' xmlns:xs='http://www.w3.org/2001/XMLSchema' xmlns:typens='http://www.esri.com/schemas/ArcGIS/2.7.0'&gt;&lt;WKT&gt;GEOGCS[&amp;quot;GCS_WGS_1984&amp;quot;,DATUM[&amp;quot;D_WGS_1984&amp;quot;,SPHEROID[&amp;quot;WGS_1984&amp;quot;,6378137.0,298.257223563]],PRIMEM[&amp;quot;Greenwich&amp;quot;,0.0],UNIT[&amp;quot;Degree&amp;quot;,0.0174532925199433],AUTHORITY[&amp;quot;EPSG&amp;quot;,4326]]&lt;/WKT&gt;&lt;XOrigin&gt;-400&lt;/XOrigin&gt;&lt;YOrigin&gt;-400&lt;/YOrigin&gt;&lt;XYScale&gt;11258999068426.238&lt;/XYScale&gt;&lt;ZOrigin&gt;-100000&lt;/ZOrigin&gt;&lt;ZScale&gt;10000&lt;/ZScale&gt;&lt;MOrigin&gt;-100000&lt;/MOrigin&gt;&lt;MScale&gt;10000&lt;/MScale&gt;&lt;XYTolerance&gt;8.983152841195215e-09&lt;/XYTolerance&gt;&lt;ZTolerance&gt;0.001&lt;/ZTolerance&gt;&lt;MTolerance&gt;0.001&lt;/MTolerance&gt;&lt;HighPrecision&gt;true&lt;/HighPrecision&gt;&lt;LeftLongitude&gt;-180&lt;/LeftLongitude&gt;&lt;WKID&gt;4326&lt;/WKID&gt;&lt;LatestWKID&gt;4326&lt;/LatestWKID&gt;&lt;/GeographicCoordinateSystem&gt;</peXml></coordRef><LayerFile>{"type":"CIMLayerDocument","version":"2.7.0","build":26828,"layers":["CIMPATH=rubavu_lineroute_map/anglepointssymbion.xml"],"layerDefinitions":[{"type":"CIMFeatureLayer","name":"AnglePointsSymbion","uRI":"CIMPATH=rubavu_lineroute_map/anglepointssymbion.xml","sourceModifiedTime":{"type":"TimeInstant"},"useSourceMetadata":true,"description":"AnglePointsSymbion","layerElevation":{"type":"CIMLayerElevationSurface"},"expanded":true,"layer3DProperties":{"type":"CIM3DLayerProperties","castShadows":true,"isLayerLit":true,"layerFaceCulling":"None","maxDistance":-1,"minDistance":-1,"preloadTextureCutoffHigh":0,"preloadTextureCutoffLow":0.25,"textureCutoffHigh":0.25,"textureCutoffLow":1,"useCompressedTextures":true,"verticalExaggeration":1,"exaggerationMode":"ScaleZ","verticalUnit":{"uwkid":9001},"lighting":"OneSideDataNormal"},"layerType":"Operational","showLegends":true,"visibility":true,"displayCacheType":"Permanent","maxDisplayCacheAge":5,"showPopups":true,"serviceLayerID":-1,"refreshRate":-1,"refreshRateUnit":"esriTimeUnitsSeconds","blendingMode":"Alpha","autoGenerateFeatureTemplates":true,"featureElevationExpression":"Shape.Z","featureTable":{"type":"CIMFeatureTable","displayField":"x","editable":true,"dataConnection":{"type":"CIMStandardDataConnection","workspaceConnectionString":"DATABASE=I:\\nixon\\AEE\\AEE Symbion Project - Rubavu\\Data\\Symbion Lineroute Data\\Shapefiles","workspaceFactory":"Shapefile","dataset":"AnglePointsSymbion","datasetType":"esriDTFeatureClass"},"studyAreaSpatialRel":"esriSpatialRelUndefined","searchOrder":"esriSearchOrderSpatial"},"htmlPopupEnabled":true,"selectable":true,"featureCacheType":"Session","displayFiltersType":"ByScale","featureBlendingMode":"Alpha","labelClasses":[{"type":"CIMLabelClass","expression":"$feature.AP","expressionEngine":"Arcade","featuresToLabel":"AllVisibleFeatures","maplexLabelPlacementProperties":{"type":"CIMMaplexLabelPlacementProperties","featureType":"Point","avoidPolygonHoles":true,"canOverrunFeature":true,"canPlaceLabelOutsidePolygon":true,"canRemoveOverlappingLabel":true,"canStackLabel":true,"connectionType":"Unambiguous","constrainOffset":"NoConstraint","contourAlignmentType":"Page","contourLadderType":"Straight","contourMaximumAngle":90,"enableConnection":true,"enablePointPlacementPriorities":true,"featureWeight":0,"fontHeightReductionLimit":4,"fontHeightReductionStep":0.5,"fontWidthReductionLimit":90,"fontWidthReductionStep":5,"graticuleAlignmentType":"Straight","keyNumberGroupName":"Default","labelBuffer":15,"labelLargestPolygon":true,"labelPriority":-1,"labelStackingProperties":{"type":"CIMMaplexLabelStackingProperties","stackAlignment":"ChooseBest","maximumNumberOfLines":3,"minimumNumberOfCharsPerLine":3,"maximumNumberOfCharsPerLine":24,"separators":[{"type":"CIMMaplexStackingSeparator","separator":" ","splitAfter":true},{"type":"CIMMaplexStackingSeparator","separator":",","visible":true,"splitAfter":true}]},"lineFeatureType":"General","linePlacementMethod":"OffsetCurvedFromLine","maximumLabelOverrun":36,"maximumLabelOverrunUnit":"Point","minimumFeatureSizeUnit":"Map","multiPartOption":"OneLabelPerPart","offsetAlongLineProperties":{"type":"CIMMaplexOffsetAlongLineProperties","placementMethod":"BestPositionAlongLine","labelAnchorPoint":"CenterOfLabel","distanceUnit":"Percentage","useLineDirection":true},"pointExternalZonePriorities":{"type":"CIMMaplexExternalZonePriorities","aboveLeft":4,"aboveCenter":2,"aboveRight":1,"centerRight":3,"belowRight":5,"belowCenter":7,"belowLeft":8,"centerLeft":6},"pointPlacementMethod":"AroundPoint","polygonAnchorPointType":"GeometricCenter","polygonBoundaryWeight":0,"polygonExternalZones":{"type":"CIMMaplexExternalZonePriorities","aboveLeft":4,"aboveCenter":2,"aboveRight":1,"centerRight":3,"belowRight":5,"belowCenter":7,"belowLeft":8,"centerLeft":6},"polygonFeatureType":"General","polygonInternalZones":{"type":"CIMMaplexInternalZonePriorities","center":1},"polygonPlacementMethod":"CurvedInPolygon","primaryOffset":1,"primaryOffsetUnit":"Point","removeExtraWhiteSpace":true,"repetitionIntervalUnit":"Point","rotationProperties":{"type":"CIMMaplexRotationProperties","rotationType":"Arithmetic","alignmentType":"Straight"},"secondaryOffset":100,"strategyPriorities":{"type":"CIMMaplexStrategyPriorities","stacking":1,"overrun":2,"fontCompression":3,"fontReduction":4,"abbreviation":5},"thinningDistanceUnit":"Point","truncationMarkerCharacter":".","truncationMinimumLength":1,"truncationPreferredCharacters":"aeiou","truncationExcludedCharacters":"0123456789","polygonAnchorPointPerimeterInsetUnit":"Point"},"name":"Class 1","priority":-1,"standardLabelPlacementProperties":{"type":"CIMStandardLabelPlacementProperties","featureType":"Point","featureWeight":"Low","labelWeight":"High","numLabelsOption":"OneLabelPerName","lineLabelPosition":{"type":"CIMStandardLineLabelPosition","above":true,"inLine":true,"parallel":true},"lineLabelPriorities":{"type":"CIMStandardLineLabelPriorities","aboveStart":3,"aboveAlong":3,"aboveEnd":3,"centerStart":3,"centerAlong":3,"centerEnd":3,"belowStart":3,"belowAlong":3,"belowEnd":3},"pointPlacementMethod":"AroundPoint","pointPlacementPriorities":{"type":"CIMStandardPointPlacementPriorities","aboveLeft":2,"aboveCenter":2,"aboveRight":1,"centerLeft":3,"centerRight":2,"belowLeft":3,"belowCenter":3,"belowRight":2},"rotationType":"Arithmetic","polygonPlacementMethod":"AlwaysHorizontal"},"textSymbol":{"type":"CIMSymbolReference","symbol":{"type":"CIMTextSymbol","blockProgression":"TTB","depth3D":1,"extrapolateBaselines":true,"fontEffects":"Normal","fontEncoding":"Unicode","fontFamilyName":"Tahoma","fontStyleName":"Regular","fontType":"Unspecified","haloSize":1,"height":16,"hinting":"Default","horizontalAlignment":"Left","kerning":true,"letterWidth":100,"ligatures":true,"lineGapType":"ExtraLeading","symbol":{"type":"CIMPolygonSymbol","symbolLayers":[{"type":"CIMSolidFill","enable":true,"color":{"type":"CIMRGBColor","values":[0,0,0,100]}}]},"symbol3DProperties":{"type":"CIM3DSymbolProperties","dominantSizeAxis3D":"Z","rotationOrder3D":"YXZ","scaleZ":1,"scaleY":1},"textCase":"Normal","textDirection":"LTR","verticalAlignment":"Bottom","verticalGlyphOrientation":"Right","wordSpacing":100,"billboardMode3D":"FaceNearPlane"}},"useCodedValue":true,"visibility":true,"iD":-1}],"labelVisibility":true,"renderer":{"type":"CIMSimpleRenderer","patch":"Default","symbol":{"type":"CIMSymbolReference","symbol":{"type":"CIMPointSymbol","symbolLayers":[{"type":"CIMVectorMarker","enable":true,"colorLocked":true,"anchorPoint":{"x":0,"y":0,"z":0},"anchorPointUnits":"Relative","dominantSizeAxis3D":"Y","size":10,"billboardMode3D":"FaceNearPlane","frame":{"xmin":0,"ymin":0,"xmax":17,"ymax":17},"markerGraphics":[{"type":"CIMMarkerGraphic","geometry":{"curveRings":[[[11.41,8.5],{"b":[[11.18,7.3700000000000001],[11.41,8.0899999999999999],[11.34,7.7199999999999998]]},{"b":[[10.55000000000000071,6.4500000000000002],[11.02999999999999936,7.0199999999999996],[10.82,6.71]]},{"b":[[9.6300000000000008,5.8200000000000003],[10.27999999999999936,6.1799999999999997],[9.9800000000000004,5.9699999999999998]]},{"b":[[8.5,5.5800000000000001],[9.2799999999999994,5.6600000000000001],[8.9000000000000004,5.5800000000000001]]},{"b":[[7.3700000000000001,5.8200000000000003],[8.0899999999999999,5.5800000000000001],[7.7199999999999998,5.6600000000000001]]},{"b":[[6.4500000000000002,6.4500000000000002],[7.0199999999999996,5.9699999999999998],[6.7199999999999998,6.1799999999999997]]},{"b":[[5.8200000000000003,7.3700000000000001],[6.1799999999999997,6.71],[5.9699999999999998,7.0199999999999996]]},{"b":[[5.5800000000000001,8.5],[5.6600000000000001,7.7199999999999998],[5.5800000000000001,8.0899999999999999]]},{"b":[[5.8200000000000003,9.6300000000000008],[5.5800000000000001,8.9000000000000004],[5.6600000000000001,9.2799999999999994]]},{"b":[[6.4500000000000002,10.55000000000000071],[5.9699999999999998,9.9800000000000004],[6.1799999999999997,10.27999999999999936]]},{"b":[[7.3700000000000001,11.18],[6.7199999999999998,10.82],[7.0199999999999996,11.02999999999999936]]},{"b":[[8.5,11.41],[7.7199999999999998,11.34],[8.0899999999999999,11.41]]},{"b":[[9.6300000000000008,11.18],[8.9000000000000004,11.41],[9.2799999999999994,11.34]]},{"b":[[10.55000000000000071,10.55000000000000071],[9.9800000000000004,11.02999999999999936],[10.27999999999999936,10.82]]},{"b":[[11.18,9.6300000000000008],[10.82,10.27999999999999936],[11.02999999999999936,9.9800000000000004]]},{"b":[[11.41,8.5],[11.34,9.2799999999999994],[11.41,8.9000000000000004]]}],[[15.53999999999999915,8.5],{"b":[[14.99,11.24],[15.53999999999999915,9.4700000000000006],[15.35999999999999943,10.38000000000000078]]},{"b":[[13.48,13.48],[14.60999999999999943,12.1],[14.10999999999999943,12.85]]},{"b":[[11.24,14.98],[12.85,14.10999999999999943],[12.1,14.60999999999999943]]},{"b":[[8.5,15.53999999999999915],[10.39000000000000057,15.35999999999999943],[9.4700000000000006,15.53999999999999915]]},{"b":[[5.75,14.98],[7.5300000000000002,15.53999999999999915],[6.6100000000000003,15.35999999999999943]]},{"b":[[3.52,13.48],[4.9000000000000004,14.60999999999999943],[4.1500000000000004,14.10999999999999943]]},{"b":[[2.0099999999999998,11.24],[2.8900000000000001,12.85],[2.3900000000000001,12.1]]},{"b":[[1.46,8.5],[1.6399999999999999,10.38000000000000078],[1.46,9.4700000000000006]]},{"b":[[2.0099999999999998,5.7599999999999998],[1.46,7.5300000000000002],[1.6399999999999999,6.6100000000000003]]},{"b":[[3.52,3.52],[2.3900000000000001,4.9000000000000004],[2.8900000000000001,4.1500000000000004]]},{"b":[[5.75,2.02],[4.1500000000000004,2.8900000000000001],[4.9000000000000004,2.3900000000000001]]},{"b":[[8.5,1.46],[6.6100000000000003,1.6399999999999999],[7.5300000000000002,1.46]]},{"b":[[11.24,2.02],[9.4700000000000006,1.46],[10.39000000000000057,1.6399999999999999]]},{"b":[[13.48,3.52],[12.1,2.3900000000000001],[12.85,2.8900000000000001]]},{"b":[[14.99,5.7599999999999998],[14.10999999999999943,4.1500000000000004],[14.60999999999999943,4.9000000000000004]]},{"b":[[15.53999999999999915,8.5],[15.35999999999999943,6.6100000000000003],[15.53999999999999915,7.5300000000000002]]}],[[17,8.5],{"b":[[16.32999999999999829,5.2000000000000002],[17,7.3300000000000001],[16.78000000000000114,6.2300000000000004]]},{"b":[[14.51,2.4900000000000002],[15.89000000000000057,4.1600000000000001],[15.27999999999999936,3.2599999999999998]]},{"b":[[11.80000000000000071,0.67000000000000004],[13.74,1.72],[12.84,1.1100000000000001]]},{"b":[[8.5,0],[10.77,0.22],[9.6699999999999999,0]]},{"b":[[5.2000000000000002,0.67000000000000004],[7.3300000000000001,0],[6.2300000000000004,0.22]]},{"b":[[2.4900000000000002,2.4900000000000002],[4.1600000000000001,1.1100000000000001],[3.2599999999999998,1.72]]},{"b":[[0.67000000000000004,5.2000000000000002],[1.72,3.2599999999999998],[1.1100000000000001,4.1600000000000001]]},{"b":[[0,8.5],[0.22,6.2300000000000004],[0,7.3300000000000001]]},{"b":[[0.67000000000000004,11.80000000000000071],[0,9.6699999999999999],[0.22,10.77]]},{"b":[[2.4900000000000002,14.51],[1.1100000000000001,12.84],[1.72,13.74]]},{"b":[[5.2000000000000002,16.32999999999999829],[3.2599999999999998,15.27999999999999936],[4.1600000000000001,15.89000000000000057]]},{"b":[[8.5,17],[6.2300000000000004,16.78000000000000114],[7.3300000000000001,17]]},{"b":[[11.80000000000000071,16.32999999999999829],[9.6699999999999999,17],[10.77,16.78000000000000114]]},{"b":[[14.51,14.51],[12.84,15.89000000000000057],[13.74,15.27999999999999936]]},{"b":[[16.32999999999999829,11.80000000000000071],[15.27999999999999936,13.74],[15.89000000000000057,12.84]]},{"b":[[17,8.5],[16.78000000000000114,10.77],[17,9.6699999999999999]]}]]},"symbol":{"type":"CIMPolygonSymbol","symbolLayers":[{"type":"CIMSolidStroke","enable":true,"capStyle":"Round","joinStyle":"Round","lineStyle3D":"Strip","miterLimit":10,"width":0,"color":{"type":"CIMRGBColor","values":[0,0,0,100]}},{"type":"CIMSolidFill","enable":true,"color":{"type":"CIMRGBColor","values":[0,0,0,100]}}]}}],"scaleSymbolsProportionally":true,"respectFrame":true},{"type":"CIMVectorMarker","enable":true,"anchorPoint":{"x":0,"y":0,"z":0},"anchorPointUnits":"Relative","dominantSizeAxis3D":"Y","size":10,"billboardMode3D":"FaceNearPlane","frame":{"xmin":0,"ymin":0,"xmax":17,"ymax":17},"markerGraphics":[{"type":"CIMMarkerGraphic","geometry":{"curveRings":[[[17,8.5],{"b":[[8.5,0],[17,3.8100000000000001],[13.19,0]]},{"b":[[0,8.5],[3.8100000000000001,0],[0,3.8100000000000001]]},{"b":[[8.5,17],[0,13.19],[3.8100000000000001,17]]},{"b":[[17,8.5],[13.19,17],[17,13.19]]}]]},"symbol":{"type":"CIMPolygonSymbol","symbolLayers":[{"type":"CIMSolidStroke","enable":true,"capStyle":"Round","joinStyle":"Round","lineStyle3D":"Strip","miterLimit":10,"width":0,"color":{"type":"CIMRGBColor","values":[0,0,0,100]}},{"type":"CIMSolidFill","enable":true,"color":{"type":"CIMRGBColor","values":[230,0,0,100]}}]}}],"scaleSymbolsProportionally":true,"respectFrame":true}],"haloSize":1,"scaleX":1,"angleAlignment":"Display"}}},"scaleSymbols":true,"snappable":true}]}</LayerFile></DataProperties><SyncDate>20210205</SyncDate><SyncTime>07295400</SyncTime><ModDate>20210205</ModDate><ModTime>07295400</ModTime></Esri><dataIdInfo><envirDesc Sync="TRUE">Microsoft Windows 10 Version 10.0 (Build 18363) ; Esri ArcGIS 12.7.0.26828</envirDesc><dataLang><languageCode value="eng" Sync="TRUE"></languageCode><countryCode value="USA" Sync="TRUE"></countryCode></dataLang><idCitation><resTitle Sync="TRUE">AnglePointsSymbion</resTitle><presForm><PresFormCd value="005" Sync="TRUE"></PresFormCd></presForm></idCitation><spatRpType><SpatRepTypCd value="001" Sync="TRUE"></SpatRepTypCd></spatRpType></dataIdInfo><mdLang><languageCode value="eng" Sync="TRUE"></languageCode><countryCode value="USA" Sync="TRUE"></countryCode></mdLang><distInfo><distFormat><formatName Sync="TRUE">Shapefile</formatName></distFormat><distTranOps><transSize Sync="TRUE">0.000</transSize></distTranOps></distInfo><mdHrLv><ScopeCd value="005" Sync="TRUE"></ScopeCd></mdHrLv><mdHrLvName Sync="TRUE">dataset</mdHrLvName><refSysInfo><RefSystem><refSysID><identCode code="4326" Sync="TRUE"></identCode><idCodeSpace Sync="TRUE">EPSG</idCodeSpace><idVersion Sync="TRUE">6.2(3.0.1)</idVersion></refSysID></RefSystem></refSysInfo><spatRepInfo><VectSpatRep><geometObjs Name="AnglePointsSymbion"><geoObjTyp><GeoObjTypCd value="004" Sync="TRUE"></GeoObjTypCd></geoObjTyp><geoObjCnt Sync="TRUE">0</geoObjCnt></geometObjs><topLvl><TopoLevCd value="001" Sync="TRUE"></TopoLevCd></topLvl></VectSpatRep></spatRepInfo><spdoinfo><ptvctinf><esriterm Name="AnglePointsSymbion"><efeatyp Sync="TRUE">Simple</efeatyp><efeageom code="1" Sync="TRUE"></efeageom><esritopo Sync="TRUE">FALSE</esritopo><efeacnt Sync="TRUE">0</efeacnt><spindex Sync="TRUE">FALSE</spindex><linrefer Sync="TRUE">TRUE</linrefer></esriterm></ptvctinf></spdoinfo><eainfo><detailed Name="AnglePointsSymbion"><enttyp><enttypl Sync="TRUE">AnglePointsSymbion</enttypl><enttypt Sync="TRUE">Feature Class</enttypt><enttypc Sync="TRUE">0</enttypc></enttyp><attr><attrlabl Sync="TRUE">FID</attrlabl><attalias Sync="TRUE">FID</attalias><attrtype Sync="TRUE">OID</attrtype><attwidth Sync="TRUE">4</attwidth><atprecis Sync="TRUE">0</atprecis><attscale Sync="TRUE">0</attscale><attrdef Sync="TRUE">Internal feature number.</attrdef><attrdefs Sync="TRUE">Esri</attrdefs><attrdomv><udom Sync="TRUE">Sequential unique whole numbers that are automatically generated.</udom></attrdomv></attr><attr><attrlabl Sync="TRUE">Shape</attrlabl><attalias Sync="TRUE">Shape</attalias><attrtype Sync="TRUE">Geometry</attrtype><attwidth Sync="TRUE">0</attwidth><atprecis Sync="TRUE">0</atprecis><attscale Sync="TRUE">0</attscale><attrdef Sync="TRUE">Feature geometry.</attrdef><attrdefs Sync="TRUE">Esri</attrdefs><attrdomv><udom Sync="TRUE">Coordinates defining the features.</udom></attrdomv></attr><attr><attrlabl Sync="TRUE">x</attrlabl><attalias Sync="TRUE">x</attalias><attrtype Sync="TRUE">Double</attrtype><attwidth Sync="TRUE">19</attwidth><atprecis Sync="TRUE">0</atprecis><attscale Sync="TRUE">0</attscale></attr><attr><attrlabl Sync="TRUE">y</attrlabl><attalias Sync="TRUE">y</attalias><attrtype Sync="TRUE">Double</attrtype><attwidth Sync="TRUE">19</attwidth><atprecis Sync="TRUE">0</atprecis><attscale Sync="TRUE">0</attscale></attr><attr><attrlabl Sync="TRUE">z</attrlabl><attalias Sync="TRUE">z</attalias><attrtype Sync="TRUE">Double</attrtype><attwidth Sync="TRUE">19</attwidth><atprecis Sync="TRUE">0</atprecis><attscale Sync="TRUE">0</attscale></attr><attr><attrlabl Sync="TRUE">AP</attrlabl><attalias Sync="TRUE">AP</attalias><attrtype Sync="TRUE">String</attrtype><attwidth Sync="TRUE">254</attwidth><atprecis Sync="TRUE">0</atprecis><attscale Sync="TRUE">0</attscale></attr></detailed></eainfo><mdDateSt Sync="TRUE">20210205</mdDateSt></metadata>
